,Model,Accuracy,Precision,Recall,F1 Score,Mean Squared Error
0,Word2Vec,0.2469654528478058,0.0,0.0,0.0,0.7530345471521942
1,Doc2Vec,0.7558356676003735,0.8065241844769404,0.889026658400496,0.8457682099675612,0.34510976490051487
2,USE,0.7581699346405228,0.7600950118764845,0.9919404835709857,0.8606777837547068,0.17703334541919707
3,Jaccard Similarity,0.4565826330532213,0.8931698774080561,0.3161810291382517,0.4670329670329671,0.3012137499355535
4,Cosine Similarity TF-IDF,0.7530345471521942,0.7530345471521942,1.0,0.859121171770972,0.24696545284780588
